minute,control_core_temperature_c,control_skin_temperature_c,rc_core_temperature_c,rc_skin_temperature_c,control_convection_w_m2,rc_convection_w_m2,control_longwave_w_m2,rc_longwave_w_m2,control_evaporation_w_m2,rc_evaporation_w_m2,control_absorbed_solar_w_m2,rc_absorbed_solar_w_m2,control_maximum_evaporation_w_m2,rc_maximum_evaporation_w_m2,control_skin_wettedness,rc_skin_wettedness,control_clothing_surface_temperature_c,rc_clothing_surface_temperature_c,control_solar_incident_w_m2,rc_solar_incident_w_m2
0.0,36.8,33.7,36.8,33.7,23.321,-64.9813,5.9547,-16.1904,13.11,15.4623,169.3563,22.5808,218.5,257.7048,0.06,0.06,44.5562,40.1327,282.2605,282.2605
10.0,37.3371,36.9878,37.2571,36.5487,45.1365,-43.4339,10.9631,-10.8929,137.6851,118.8185,169.8129,22.6417,294.8737,334.6054,0.4669,0.3551,45.8006,41.3207,283.0216,283.0216
20.0,37.8104,37.3227,37.5956,36.7592,46.5173,-42.444,11.3382,-10.9201,157.2666,168.1763,170.2696,22.7026,302.4267,339.4657,0.52,0.4954,46.0348,41.4753,283.7827,283.7827
30.0,38.2399,37.6983,37.8057,36.8502,48.143,-42.3662,11.7882,-11.1946,162.1311,177.603,170.7262,22.7635,311.0949,340.7822,0.5212,0.5212,46.2849,41.5823,284.5437,284.5437
40.0,38.6416,38.05,37.9913,37.0136,49.5729,-41.7294,12.2098,-11.3216,166.7416,179.7854,171.1829,22.8244,319.2173,344.1889,0.5223,0.5223,46.5285,41.7179,285.3048,285.3048
50.0,39.0174,38.3797,38.1657,37.1679,50.821,-41.1561,12.6054,-11.4689,171.107,181.8283,171.6396,22.8853,326.8117,347.2891,0.5236,0.5236,46.7662,41.8496,286.0659,286.0659
60.0,39.3695,38.6892,38.3299,37.3138,51.9002,-40.6401,12.9773,-11.6358,175.238,183.7363,172.0962,22.9462,333.8988,350.0916,0.5248,0.5248,46.9986,41.9776,286.827,286.827
70.0,39.6985,38.9743,38.4842,37.4487,52.2906,-40.384,13.475,-11.4587,179.1858,185.6287,171.5323,22.871,340.7497,353.0017,0.5259,0.5259,47.1712,42.0809,285.8872,285.8872
80.0,40.0044,39.239,38.6283,37.5746,52.53,-40.1867,13.9434,-11.3023,182.8777,187.3796,170.9685,22.7958,347.0692,355.613,0.5269,0.5269,47.3374,42.1802,284.9475,284.9475
90.0,40.2891,39.4856,38.7631,37.6928,52.6359,-40.0376,14.3859,-11.1643,186.3378,189.0055,170.4046,22.7206,352.9044,357.9567,0.528,0.528,47.4978,42.276,284.0077,284.0077
100.0,40.5541,39.7156,38.8895,37.8041,52.6196,-39.93,14.8046,-11.0436,189.5787,190.5145,169.8408,22.6454,358.2802,360.0486,0.5291,0.5291,47.6529,42.3685,283.068,283.068
110.0,40.8011,39.9305,39.0082,37.909,52.4914,-39.8578,15.2013,-10.9392,192.6129,191.9142,169.277,22.5703,363.2205,361.903,0.5303,0.5303,47.8033,42.4578,282.1283,282.1283
120.0,41.0316,40.1314,39.1199,38.0082,52.2609,-39.8153,15.5779,-10.8504,195.4523,193.2115,168.7131,22.4951,367.7485,363.5324,0.5315,0.5315,47.9491,42.5441,281.1885,281.1885
